best_model,split_seed,R2,RMSE,MAE,MAPE
extra_a,2055,0.9236979329161374,25.11784524759945,18.066470588235315,1.403674578453404
